Wall time,Step,Value
1714029257.9965029,51602,12900.5
1714033450.231572,99813,12476.625
1714036127.1025355,130137,10844.75
1714039245.258618,165248,10328.0
1714042759.0397623,204074,10203.7001953125
1714047116.7509098,252198,10508.25
1714050505.0491781,288889,10317.4638671875
1714054676.2480881,334154,10442.3125
1714059786.1944094,385080,10696.6669921875
1714063121.4876215,432271,10806.775390625
1714067395.580405,482429,10964.2958984375
1714071154.086389,528694,11014.4580078125
1714075474.7980866,582245,11197.01953125
1714080059.5283043,627647,11207.982421875
1714083497.6531117,673187,11219.783203125
1714087574.6183817,712461,11132.203125
1714093911.0674832,773303,11372.1025390625
1714097902.1885002,823969,11444.013671875
1714101160.4247255,865329,11385.908203125
1714104405.7355924,908454,11355.6748046875
1714108120.8586361,957089,11393.9169921875
