Wall time,Step,Value
1714029257.9965029,51602,18925.0
1714033450.231572,99813,15862.5
1714036127.1025355,130137,12750.0
1714039245.258618,165248,11406.25
1714042759.0397623,204074,13670.0
1714047116.7509098,252198,15004.1669921875
1714050505.0491781,288889,14228.5712890625
1714054676.2480881,334154,14031.25
1714059786.1944094,385080,14141.6669921875
1714063121.4876215,432271,14890.0
1714067395.580405,482429,15490.9091796875
1714071154.086389,528694,15493.75
1714075474.7980866,582245,15630.76953125
1714080059.5283043,627647,16357.142578125
1714083497.6531117,673187,16515.0
1714087574.6183817,712461,16215.625
1714093911.0674832,773303,16495.587890625
1714097902.1885002,823969,16455.5546875
1714101160.4247255,865329,16593.421875
1714104405.7355924,908454,16973.75
1714108120.8586361,957089,16917.857421875
